code,title
111,LEGISLATORS
112,CHIEF EXECUTIVES AND GENERAL ADMINISTRATORS
1131,"JUDICIAL, PUBLIC SAFETY AND CORRECTIONS ADMINISTRATORS"
1132,HUMAN RESOURCES PROGRAM ADMINISTRATORS
1133,NATURAL RESOURCES PROGRAM ADMINSITRATORS
1134,"RURAL, URBAN, AND COMMUNITY DEVELOPMENT PROGRAM ADMINISTRATORS"
1135,"PUBLIC FINANCE, TAXATION, AND OTHER MONETARY PROGRAM ADMINSITRATORS"
1139,"OFFICIALS AND ADMINISTRATORS, PUBLIC ADMINISTRATION, NEC"
121,GENERAL MANAGERS AND OTHER TOP EXECUTIVES
122,FINANCIAL MANAGERS
123,PERSONNEL AND LABOR RELATIONS MANAGERS
124,PURCHASING MANAGERS
125,"MANAGERS; MARKETING, ADVERTISING, AND PUBLIC RELATIONS"
126,"MANAGERS; ENGINEERING, MATHEMATICS, AND NATURAL SCIENCE"
127,MANAGERS; SOCIAL SCIENCES AND RELATED FIELDS
1281,ADMINISTRATORS; COLLEGES AND UNIVERSITIES
1282,ADMINISTRATORS; ELEMENTARY AND SECONDARY EDUCATION
1283,"ADMINISTRATORS; EDUCATION AND RELATED FIELDS, NEC"
131,MANAGERS; MEDICINE AND HEALTH
132,"PRODUCTION MANAGERS, INDUSTRIAL"
133,CONSTRUCTION MANAGERS
1341,COMMUNICATIONS OPERATIONS MANAGERS
1342,TRANSPORTATION FACILITIES AND OPERATIONS MANAGERS
1343,"ELECTRICITY, GAS, WATER SUPPLY, AND SANTIARY SERVICES MANAGERS"
1344,POSTMASTERS AND MAIL SUPERINTENDENTS
1351,MANAGERS; FOOD SERVING AND LODGING ESTABLISHMENTS
1352,MANAGERS; ENTERTAINMENT AND RECREATION FACILITIES
1353,MANAGERS; PROPERTY AND LEASING
1354,MANAGERS; MEMBERSHIP ORGANIZATIONS
1359,"MANAGERS; SERVICE ORGANIZATIONS, NEC"
136,"MANAGERS; MINING, QUARRYING, WELL DRILLING, AND SIMILAR"
137,MANAGERS: ADMINISTRATIVE SERVICES
139,"OFFICIALS AND ADMINISTRATORS; OTHER, NEC"
1412,ACCOUNTANTS AND AUDITORS
1414,UNDERWRITERS
1415,LOAN OFFICIERS
1419,OTHER FINANCIAL OFFICERS
142,MANAGEMENT ANALYST
143,"PERSONNEL, TRAINING, AND LABOR RLATIONS SPECIALISTS"
1442,"BUYERS, WHOLESALE AND RETAIL TRADE, EXCEPT FARM PRODUCTS"
1443,"PURCHASING AGENTS AND BUYERS, FARM PRODUCTS"
1449,"PURCHASING AGENTS AND BUYERS, NEC"
145,BUSINESS AND PROMOTION AGENTS
1472,CONSTRUCTION INSPECTORS
1473,"INSPECTORS AND COMPLIANCE OFFICERS, EXCEPT CONSTRUCTION"
149,"MANAGEMENT RELATED OCCUPATIONS, NEC"
161,ARCHITECTS
1622,AEROSPACE ENGINEERS
1623,METALLURGICAL AND MATERIALS ENGINEERS
1624,MINING ENGINEERS
1625,PETROLEUM ENGINEERS
1626,CHEMICAL ENGINEERS
1627,NUCLEAR ENGINEERS
1628,CIVIL ENGINEERS
1632,AGRICULTURAL ENGINEERS
1633,ELECTRICAL AND ELECTRONIC ENGINEERS
1634,INDUSTRIAL ENGINEERS
1635,MECHANICAL ENGINEERS
1636,COMPUTER ENGINEERS
1637,MARINE ENGINEERS AND NAVAL ARCHITECTS
1639,"ENGINEERS, NEC"
1643,LAND SURVEYORS
1644,CARTOGRAPHERS
1649,"SURVEYORS AND MAPPING SCIENTISTS, NEC"
1712,COMPUTER SYSTEMS ANALYSTS
1719,"COMPUTER SCIENTISTS, NEC"
1721,OPERATIONS RESEARCHERS AND ANLYSTS
1722,"SYSTEMS RESEARCHERS AND ANALYSTS, EXCEPT COMPUTER"
1732,ACTUARIES
1733,STATISTICIANS
1739,"MATHEMATICAL SCIENTISTS, NEC"
1842,ASTRONOMERS
1843,PHYSICISTS
1845,"CHEMISTS, EXCEPT BIOCHEMISTS"
1846,ATMOSPHERIC AND SPACE SCIENTISTS
1847,GEOLOGISTS
1849,"PHYSICAL SCIENTISTS, NEC"
1852,FORESTRY AND CONSERVATION SCIENTISTS
1853,AGRICULTURAL AND FOOD SCIENTISTS
1854,BIOLOGICAL SCIENTISTS
1855,MEDICAL SCIENTISTS
1912,ECONOMISTS
1913,HISTORIANS
1914,POLITICAL SCIENTISTS
1915,PSYCHOLOGISTS
1916,SOCIOLOGISTS
1919,"SOCIAL SCIENTISTS, NEC"
192,URBAN AND REGIONAL PLANNERS
2032,SOCIAL WORKERS
2033,RECREATION WORKERS
2042,CLERGY
2049,RELIGIOUS WORKERS NEC
211,LAWYERS
212,JUDGES
2212,"ATMOSPHERIC, EARTH, MARINE, AND SPACE SCIENCES TEACHERS"
2213,BIOLOGICAL SCIENCES TEACHERS
2214,CHEMISTRY TEACHERS
2215,PHYSICS TEACHERS
2216,"NATURAL SCIENCES TEACHERS, NEC"
2217,PSYCHOLOGY TEACHERS
2218,ECONOMICS TEACHERS
2222,HISTORY TEACHERS
2223,POLITICAL SCIENCE TEACHERS
2224,SOCIOLOGY TEACHERS
2225,"SOCIAL SCIENCES TEACHERS, NEC"
2226,ENGINEERING TEACHERS
2227,MATHEMATICAL SCIENCES TEACHERS
2228,COMPUTER SCIENCE TEACHERS
2231,MEDICAL SCIENCE TEACHERS
2232,"HEALTH SPECIALTIES TEACHERS, NEC"
2233,"BUSINESS, COMMERCE AND MARKETING TEACHERS"
2234,AGRICULTURE TEACHERS
2235,"ART, DRAMA, AND MUSIC TEACHERS"
2236,PHYSICAL EDUCATION TEACHERS
2237,EDUCATION TEACHERS
2238,ENGLISH TEACHERS
2242,FOREIGN LANGUAGE TEACHERS
2243,LAW TEACHERS
2244,SOCIAL WORK TEACHERS
2245,THEOLOGY TEACHERS
2246,TRADE AND INDUSTRIAL TEACHERS
2247,HOME ECONOMICS TEACHERS
2249,"TEACHERS; POSTSECONDARY, NEC"
231,PREKINDERGARTEN AND KINDERGARTEN TEACHERS
232,ELEMENTARY SCHOOL TEACHERS
233,SECONDARY SCHOOL TEACHERS
235,TEACHERS; SPECIAL EDUCATION
236,INSTRUCTIONAL COORDINATORS
239,"ADULT EDUCATION AND OTHER TEACHERS, NEC"
24,VOCATIONAL AND EDUCATIONAL COUNSELORS
251,LIBRARIANS
252,ARCHIVISTS AND CURATORS
261,PHYSICIANS
262,DENTISTS
27,VETERINARIANS
281,OPTOMETRISTS
283,PODIATRISTS
289,"HEALTH DIAGNOSING AND TREATING PRACTITIONERS, NEC"
29,REGISTERED NURSES
301,PHARMACISTS
302,DIETITIANS
3031,RESPIRATORY THERAPISTS
3032,OCCUPATIONAL THERAPISTS
3033,PHYSICAL THERAPISTS
3034,SPEECH PATHOLOGISTS AND AUDIOLOGISTS
3039,"THERAPISTS, NEC"
304,PHYSICIAN'S ASSISTANTS
321,AUTHORS
322,DESIGNERS
323,MUSICIANS AND COMPOSERS
324,ACTORS AND DIRECTORS
325,"PAINTERS, SCULPTORS, CRAFT-ARTISTS AND ARTIST-PRINTMAKE"
326,PHOTOGRAPHERS
327,DANCERS
328,"PERFORMERS, NEC"
329,"WRITERS, ARTISTS, AND RELATED WORKERS; NEC"
3312,EDITORS
3313,REPORTERS
332,PUBLIC RELATIONS SPECIALISTS AND PUBLICITY WRITERS
333,"RADIO, TELEVISION AND OTHER ANNOUNCERS"
34,ATHLETES AND RELATED WORKERS
362,CLINICAL LABORATORY TECHNOLOGISTS AND TECHNICIANS
363,DENTAL HYGIENISTS
364,HEALTH RECORD TECHNOLOGISTS AND TECHNICIANS
365,RADIOLOGIC TECHNOLOGISTS AND TECHNICIANS
366,LICENSED PRACTICAL NURSES
369,"HEALTH TECHNOLOGISTS AND TECHNICIANS, NEC"
3711,ELECTRICAL AND ELECTRONIC ENGINEERING TECHNOLOGISTS AND TECHNICIANS
3712,INDUSTRIAL ENGINEERING TECHNOLOGISTS AND TECHNICIANS
3713,MECHANICAL ENGINERING TECHNOLOGISTS AND TECHNICIANS
3719,"ENGINEERING TECHNOLOGISTS AND TECHNICIANS, NEC"
372,DRAFTING OCCUPATIONS
3733,SURVEYING TECHNICIANS
3734,CARTOGRAPHIC TECHNICIANS
3739,"SURVEYING AND MAPPING TECHNICIANS, NEC"
382,"BIOLOGICAL TECHNOLOGISTS AND TECHNICIANS, EXCEPT HEALTH"
3831,CHEMICAL TECHNOLOGISTS AND TECHNICIANS
3832,NUCLEAR TECHNOLOGISTS AND TECHNICIANS
3833,PETROLEUM TECHNOLOGISTS AND TECHNICIANS
384,MATHEMATICAL TECHNICIANS
389,"SCIENCE TECHNOLOGISTS AND TECHNICIANS, NEC"
392,AIR TRAFFIC CONTROLLERS
393,RADIO AND RELATED OPERATORS
396,LEGAL TECHNICIANS
3971,"PROGRAMMERS, BUSINESS"
3972,"PROGRAMMERS, SCIENTIFIC"
3974,"PROGRAMMERS, NUMERICAL, TOOL AND PROCESS CONTROL"
398,TECHNICIAL WRITERS
399,"TECHNICIANS, NEC"
401,"SUPERVISORS; SALES OCCUPATIONS, INSURANCE, REAL ESTATE AND BUSINESS SERVICE"
402,"SUPERVISIORS; SALES OCCUPATIONS, COMMODITIES EXCEPT RETAIL"
403,"SUPERVISORS; SALES OCCUPATIONS, RETAIL"
4122,INSURANCE SALES OCCUPATIONS
4123,REAL ESTATE SALES OCCUPATIONS
4124,SECURITIES AND FINANICAL SERVICE SALES OCCUPATIONS
4152,"BUSINESS SERVICE, EXCEPT ADVERTISING, SALES OCCUPATIONS"
4153,ADVERTISING AND RELATED SALES OCCUPATIONS
421,SALES ENGINEERS
4232,"TECHNICAL SALES WORKERS, AIRCRAFT"
4233,"TECHNICAL SALES WORKERS, AGRICULTURAL EQUIPMENT AND SUPPLIES"
4234,"TECHNICAL SALES WORKERS, ELECTRONIC EQUIPMENT"
4235,"TECHNICAL SALES WORKERS, INDUSTRIAL MACHINERY, EQUIPMENT AND SUPPLIES"
4236,"TECHNICAL SALES WORKERS, MEDICAL AND DENTAL EQUIPMENT AND SUPPLIES"
4237,TECHNICAL SALES WORKERS; CHEMICALS AND CHEMICAL PRODUCT
4239,"TECHNICAL SALES WORKERS, NEC"
4242,"SALES REPRESENTATIVES, COMMERCIAL AND INDUSTRIAL EQUIPMENT AND SUPPLIES"
4243,"SALES REPRESENTATIVES, GARMENTS AND RELATED TEXTILE PRODUCTS"
4244,"SALES REPRESENTATIVES, MOTOR VEHICLES AND SUPPLIES"
4245,"SALES REPRESENTATIVES; PULP, PAPER, AND PAPER PRODUCTS"
4246,SALES REPRESENTATIVES; FARM PRODUCTS AND LIVESTOCK
4249,SALES REPRESENTATIVES; NEC
4342,"SALESPERSONS; MOTOR VEHICLES, MOBILE HOMES, AND SUPPLIES"
4343,SALESPERSONS; MUSICAL INSTRUMENTS AND SUPPLIES
4344,SALESPERSONS; BOATS AND MARINE EQUIPMENT AND SUPPLIES
4345,SALESPERSONS; SPORTING GOODS
4346,SALESPERSONS; GARMENTS AND TEXTILE PRODUCTS
4347,"SALESPERSONS; BOOKS, STAMPS, COINS, AND STATIONERY"
4348,SALESPERSONS; FURNITURE AND HOME FURNISHINGS
4351,SALESPERSONS; SHOES
4352,"SALESPERSONS; RADIO, TELEVISION, HIGH FIDELITY, AND HOUSEHOLD APPLIANCES"
4353,SALESPERSONS; HARDWARE
4354,"SALESPERSONS; COSMETICS, TOILETRIES, AND ALLIED PRODUCT"
4356,SALESPERSONS; JEWELRY AND RELATED PRODUCTS
4359,SALESPERSONS; NEC
4362,SALES CLERKS
4363,COUNTER CLERKS
4364,CASHIERS
4365,NEWS VENDORS
4366,"STREET VENDORS, DOOR-TO-DOOR SALES WORKERS, AND RELATED"
4367,SALESPERSONS; PARTS
4369,"SALES OCCUPATIONS; SERVICES, NEC"
444,APPRAISERS AND RELATED OCCUPATIONS
445,"DEMONSTRATORS, PROMOTERS, AND MODELS"
446,SHOPPERS
447,AUCTIONEERS
449,"SALES OCCUPATIONS; OTHER, NEC"
4511,SUPERVISORS; GENERAL OFFICE OCCUPATIONS
4512,SUPERVISORS; COMPUTER AND PERIPHERAL EQUIPMENT OPERATORS
4513,"SUPERVISORS; SECRETARIES, STENOGRAPHERS AND TYPISTS"
4514,SUPERVISORS; INFORMATION CLERKS
4516,SUPERVISORS; CORRESPONDENCE CLERKS AND ORDER CLERKS
4519,SUPERVISORS; RECORD CLERKS
4521,SUPERVISORS; FINANICAL RECORD PROCESSING OCCUPATIONS
4522,"SUPERVISORS; DUPLICATING, MAIL AND OTHER OFFICE MACHINE OPERATORS"
4523,CHIEF COMMUNICATIONS OPERATORS
4524,SUPERVISORS; MAIL AND MESSAGE DISTRIBUTION CLERKS
4525,"SUPERVISORS; MATERIAL RECORDING, SCHEDULING, AND DISTRI"
4528,"SUPERVISORS; ADJUSTERS, INVESTIGATORS, AND COLLECTORS"
4529,SUPERVISORS; MISCELLANEOUS ADMINISTRATIVE SUPPORT OCCUPATIONS
4612,COMPUTER OPERATORS
4613,PERIPHERAL EQUIPMENT OPERATORS
4622,SECRETARIES
4623,STENOGRAPHERS
4624,TYPISTS
463,GENERAL OFFICE OCCUPATIONS
4642,INTERVIEWING CLERKS
4643,HOTEL CLERKS
4644,RESERVATION AGENTS AND TRANSPORTATION TICKET CLERKS
4645,RECEPTIONISTS
4649,"INFORMATION CLERKS, NEC"
4662,CLASSIFIED-AD CLERKS
4663,CORRESPONDENCE CLERKS
4664,ORDER CLERKS
4692,"PERSONNEL CLERKS, EXCEPT PAYROLL AND TIMEKEEPING"
4694,LIBRARY CLERKS
4696,FILE CLERKS
4699,"RECORDS CLERKS, NEC"
4712,BOOKKEEPERS AND ACCOUNTING AND AUDITING CLERKS
4713,PAYROLL AND TIMEKEEPING CLERKS
4715,BILLING CLERKS
4716,COST AND RATE CLERKS
4718,"BILLING, POSTING, AND CALCULATING MACHINE OPERATORS"
4722,DUPLICATING MACHINE OPERATORSCE
4723,MAIL PREPARING AND HANDLING MACHINE OPERATORS
4729,"OFFICE MACHINE OPERATORS, NEC"
4732,TELEPHONE OPERATORS
4733,TELEGRAPHERS
4739,"COMMUNICATIONS EQUIPMENT OPERATORS, NEC"
4742,"POSTAL CLERKS, EXCEPT MAIL CARRIERS"
4743,"MAIL CARRIERS, POST OFFICE"
4744,"MAIL CLERKS, EXCEPT POST OFFICE"
4745,MESSENGERS
4751,DISPATCHERS
4752,PRODUCTION AND PLANNING CLERKS
4753,"TRAFFIC, SHIPPING, AND RECEIVING CLERKS"
4754,STOCK AND INVENTORY CLERKS
4755,METER READERS
4756,"WEIGHERS, MEASURERS, AND CHECKERS"
4757,SAMPLERS
4758,EXPEDITERS
4759,"MATERIAL RECORDING, SCHEDULING, AND DISTRIBUTING CLERKS, NEC"
4782,"INSURANCE ADJUSTERS, EXAMINERS, AND INVESTIGATORS"
4783,"INVESTIGATORS AND ADJUSTERS, EXCEPT INSURANCE"
4784,"CLERKS, SOCIAL WELFARE"
4786,BILL AND ACCOUNT COLLECTORS
4787,LICENSE CLERKS
4791,BANK TELLERS
4792,PROOF READERS
4793,DATA ENTRY KEYERS
4794,STATISTICAL CLERKS
4795,TEACHERS AIDES
4799,"ADMINISTRATIVE SUPPORT OCCUPATIONS, INCLUDING CLERICAL, NEC"
502,DAY WORKERS
503,LAUNDERERS AND IRONERS
504,"COOKS, PRIVATE HOUSEHOLD"
505,HOUSEKEEPERS AND BUTLERS
506,"CHILD CARE WORKERS, PRIVATE HOUSEHOLD"
507,PRIVATE HOUSEHOLD CLEANERS AND SERVANTS
509,"PRIVATE HOUSEHOLD OCCUPATIONS, NEC"
5111,SUPERVISORS; FIREFIGHTING AND FIRE PREVENTION OCCUPATIO
5112,SUPERVISORS; POLICE AND DETECTIVES
5113,SUPERVISORS GUARDS
5122,FIRE INSPECTION AND FIRE PREVENTION OCCUPATIONS
5123,FIREFIGHTING OCCUPATIONS
5132,"POLICE AND DETECTIVES, PUBLIC SERVICE"
5133,CORRECTIONAL INSTITUTION OFFICERS
5134,"SHERIFFS, BAILIFFS, AND OTHER LAW ENFORCEMENT OFFICERS"
5142,CROSSING GUARDS
5144,"GUARDS AND POLICE, EXCEPT PUBLIC SERVICE"
5149,"PROTECTIVE SERVICE OCCUPATIONS, NEC"
5211,SUPERVISORS; FOOD AND BEVERAGE PREPARATION AND SERVICE OCCUPATIONS
5212,BARTENDERS
5213,WAITERS AND WAITRESSES
5214,"COOKS, EXCEPT SHORT ORDER"
5215,SHORT-ORDER COOKS
5216,"FOOD COUNTER, FOUNTAIN AND RELATED OCCUPATIONS"
5217,"KITCHEN WORKERS, FOOD PREPARATION"
5218,WATERS'/WAITRESSES' ASSISTANTS
5219,MISCELLANEOUS FOOD AND BEVERAGE PREPARATION OCCUPATIONS
5232,DENTAL ASSISTANTS
5233,"HEALTH AIDES, EXCEPT NURSING"
5236,"NURSING AIDES, ORDERLIES, AND ATTENDANTS"
5241,SUPERVISORS;CLEANING AND BUILDING SERVICE WORKERS
5242,MAIDS AND HOUSEMEN
5244,JANITORS AND CLEANERS
5245,ELEVATOR OPERATORS
5246,PEST CONTROL OCCUPATIONS
5249,"CLEANING AND BUILDING SERVICE OCCUPATIONS, NEC"
5251,SUPERVISORS; PERSONAL SERVICE OCCUPATIONS
5252,BARBERS
5253,HAIRDRESSERS AND COSMETOLOGISTS
5254,"ATTENDANTS, AMUSEMENT AND RECREATION FACILITIES"
5255,GUIDES
5256,USHERS
5257,PUBLIC TRANSPORTATION ATTENDANTS
5258,WARDROBE AND DRESSING ROOM ATTENDANTS
5262,BAGGAGE PORTERS AND BELLHOPS
5263,WELFARE SERVICE AIDES
5264,"CHILD CARE WORKERS, EXCEPT PRIVATE HOUSEHOLD"
5269,"PERSONAL SERVICE OCCUPATIONS, NEC"
5512,GENERAL FARMERS
5513,"CROP, VEGETABLE, FRUIT AND TREE NUT FARMERS"
5514,"LIVESTOCK, DAIRY AND POULTRY FARMERS"
5515,HORTICULTURAL SPECIALTY FARMERS
5522,"MANAGERS, GENERAL FARMS"
5523,"MANAGERS, CROP, VEGETABLE, FRUIT AND TREE NUT FARM"
5524,"MANAGERS, LIVESTOCK, DAIRY AND POULTRY FARM"
5525,"MANAGERS, HORTICULTURAL SPECIALTY FARM"
5611,SUPERVISORS; FARM WORKERS
5612,GENERAL FARM WORKERS
5613,FIELD CROP AND VEGETABLE FARM WORKERS (HAND)
5614,ORCHARD AND VINEYARD AND RELATED WORKERS (HAND)
5615,IRRIGATION WORKERS
5616,FARM MACHINERY OPERATORS
5617,LIVESTOCK WORKERS
5618,MARINE LIFE CULTIVATION WORKERS
5619,NURSERY WORKERS
5621,SUPERVISORS; RELATED AGRICULTURAL WORKERS
5622,"GROUNDSKEEPERS AND GARDENERS, EXCEPT FARM"
5624,"ANIMAL CARETAKERS, EXCEPT FARM"
5625,GRADERS AND SORTERS; AGRICULTURAL PRODUCTS
5627,INSPECTORS; AGRICULTURAL PRODUCTS
571,SUPERVISORS; FORESTRY AND LOGGING WORKERS
572,"FORESTRY WORKERS, EXCEPT LOGGING"
573,TIMBER CUTTING AND RELATED OCCUPATIONS
579,"LOGGING OCCUPATIONS, NEC"
583,FISHERS
584,HUNTERS AND TRAPPERS
60,SUPERVISORS; MECHANICS AND REPAIRERS
6111,AUTOMOBILE MECHANICS
6112,"BUS AND TRUCK ENGINE, AND STATIONARY DIESEL ENGINE MECHANICS"
6113,AIRCRAFT ENGINE MECHANICS
6114,SMALL ENGINE REPAIRERS
6115,AUTOMOBILE BODY AND RELATED REPAIRERS
6116,AIRCRAFT MECANICS (EXCEPT ENGINE SPECIALISTS)
6117,HEAVY EQUIPMENT MECHANICS
6118,FARM EQUIPMENT MECHANICS
613,INDUSTRIAL MACHINERY REPAIRERS*
614,MACHINERY MAINTENANCE OCCUPATIONS
6151,COMMUNICATIONS EQUIPMENT REPAIRERS
6152,"ELECTRIC MOTOR,TRANSFORMER,AND RELATED REPAIRERS"
6153,"ELECTRICAL AND ELECTRONIC REPAIRERS, COMERCIAL AND INDUSTRIAL EQUIPMENT"
6154,DATA PROCESSING EQUIPMENT REPAIRERS
6155,"ELECTRONIC REPAIRERS, HOME-ENTERTAINMENT EQUIPMENT"
6156,HOUSEHOLD APPLIANCE AND POWER TOOL REPAIRERS
6157,TELEPHONE LINE INSTALLERS AND REPAIRERS
6158,TELEPHONE INSTALLERS AND REPAIRERS
6159,MISCELLANEOUS ELECTRICAL AND ELECTRONIC EQUIPMENT REPAIRERS
616,"HEATING, AIR-CONDITIONING, AND REFRIGERATION MECHANICS"
6171,"CAMERA, WATCH, ADN OTHER PRECISION INSTRUMENT REPAIRERS"
6172,MUSICAL INSTRUMENT REPAIRERS AND TUNERS
6173,LOCKSMITHS AND SAFE REPAIRERS
6174,OFFICE MACHINE REPAIRERS
6175,MECHANICAL CONTROLS AND VALVE REPAIRERS
6176,ELEVATOR INSTALLERS AND REPAIRERS
6177,RIGGERS
6178,MILLWRIGHTS
6179,"MECHANICS AND REPAIRERS, NEC"
6311,SUPERVISORS; OVERALL CONSTRUCTION
6312,"SUPERVISORS; BRICKMASONS, STONEMASONS, AND HARD TILE SETTERS"
6313,SUPERVISORS; CARPENTERS AND RELATED WORKERS
6314,SUPERVISORS; ELECTRICIANS AND POWER TRANSMISSION INSTALLERS
6315,"SUPERVISORS; PAINTERS, PAPERHANGERS, AND PLASTERERS"
6316,SUPERVISORS; PLUMBERS AND PIPEFITTERS AND STEAMFITTERS
6318,SUPERVISORS; OTHER CONSTRUCTION TRADES
632,SUPERVISORS; EXTRACTIVE OCCUPATIONS
6412,BRICKMASONS
6413,STONEMASONS
6414,"TILE SETTERS, HARD"
6422,CARPENTERS
6424,DRYWALL INSTALLERS
6432,ELECTRICIANS
6433,ELECTRICAL POWER INSTALLERS AND REPAIRERS
6442,PAINTERS (CONSTRUCTION AND MAINTENANCE)
6443,PAPERHANGERS
6444,PLASTERERS
645,"PLUMBERS, PIPEFITTERS AND STEAMFITTERS"
6462,CARPET AND SOFT TILE INSTALLERS
6463,CONCRETE AND TERRAZZO FINISHERS
6464,GLAZIERS
6465,INSULATION WORKERS
6466,"PAVING, SURFACING, AND TAMPING EQUIPMENT OPERATORS"
6467,RAIL AND TRACK LAYING EQUIPMENT OPERATORS
6468,ROOFERS
6472,SHEETMETAL DUCT INSTALLERS
6473,STRUCTURAL METAL WORKERS
6474,"DRILLERS, EARTH"
6475,AIR HAMMER OPERATORS
6476,PILE DRIVING OPERATORS
6479,"CONSTRUCTION TRADES, NEC"
652,"DRILLERS, OIL WELL"
653,EXPLOSIVE WORKERS
654,MINING MACHINE OPERATORS
656,"EXTRACTIVE OCCUPATIONS, NEC"
67,SUPERVISORS; PRECISION PRODUCTION OCCUPATIONS
6811,TOOL AND DIE MAKERS
6812,PRECISION ASSEMBLERS (METAL)
6813,MACHINISTS
6814,BOILERMAKERS
6816,"PRECISION GRINDERS, FITTERS, AND TOOL SHARPENERS"
6817,PATTERNMAKERS AND MODEL MAKERS (METAL)
6821,LAY-OUT WORKERS
6822,PRECISION HAND MOLDERS AND SHAPERS (JEWELERS)
6823,ENGRAVERS
6824,SHEET METAL WORKERS
6829,MISCELLANEOUS PRECISION METAL WORKERS
6831,"PATTERNMAKERS AND MODEL MAKERS, WOOD"
6832,CABINET MAKERS AND BENCH CARPENTERS
6835,FURNITURE FINISHERS
6839,MISCELLANEOUS PRECISION WOODWORKERS
6841,PRECISION TYPESETTERS
6842,PRECISION LITHOGRAPHERS AND PHOTOENGRAVERS
6844,BOOKBINDERS
6849,MISCELLANEOUS PRECISION PRINTING OCCUPATIONS
6852,"TAILORS AND DRESSMAKERS, HAND"
6853,UPHOLSTERERS
6854,SHOEMAKERS AND LEATHER WORKERS AND REPAIRERS
6855,"PRECISION LAUNDERING, CLEANING, AND DYEING OCCUPATIONS"
6856,APPAREL AND FABRIC PATTERNMAKERS
6859,MISCELLANEOUS PRECISION APPAREL AND FABRIC WORKERS
6861,PRECISION HAND MOLDERS AND SHAPERS
6862,"PRECISION PATTERNMAKERS, LAY-OUT WORKERS AND CUTTERS"
6863,DETAIL DESIGN PAINTERS AND DECORATORS
6864,OPTICAL GOODS WORKERS
6865,DENTAL LABORATORY AND MEDICAL APPLIANCE TECHNICIANS
6866,GEM AND DIAMOND WORKING OCCUPATIONS
6867,PRECISION ELECTRICAL AND ELECTRONIC EQUIPMENT ASEMBLERS
6868,PHOTOGRAPHIC PRECESS WORKERS
6869,"MISCELLANEOUS PRECISION WORKERS, NEC"
6871,BUTCHERS AND MEAT CUTTERS
6872,BAKERS
6873,"BATCHMAKERS (CANDYMAKERS, CHEESEMAKERS, ETC.)"
6879,MISCELLANEOUS PRECISION FOOD WORKERS
6881,"PRECISION INSPECTORS, TESTERS, AND GRADERS"
6882,PRECISION ADJUSTERS AND CALIBRATORS
691,WATER AND SEWAGE TREATMENT PLANT OPERATORS
692,GAS PLANT OPERATORS
6931,STATIONARY ENGINEERS
6932,"POWER PLANT AND SYSTEMS OPERATORS, EXCEPT STATIONARY ENGINEERS"
694,CHEMICAL PLANT OPERATORS
695,PETROLEUM PLANT OPERATORS
696,MISCELLANEOUS PLANT OR SYSTEM OPERATORS
71,SUPERVISORS; PRODUCTION OCCUPATIONS
7312,LATHE AND TURNING MACHINE SETUP OPERATORS
7313,MILLING AND PLANING MACHINE SETUP OPERATORS
7314,PUNCHING AND SHEARING MACHINE SETUP OPERATORS
7315,EXTRUDING AND DRAWING MACHINE SETUP OPERATORS
7316,ROLLING MACHINE SETUP OPERATORS
7317,PRESS AND BRAKE MACHINE SETUP OPERATORS
7318,DRILLING AND BORING MACHINE SETUP OPERATORS
7319,FORGING MACHINE SETUP OPERATORS
7322,"GRINDING, ABRADING, BUFFING, AND POLISHING MACHINE SETUP OPERATORS"
7324,LAPPING AND HONING MACHINE SETUP OPERATORS
7326,NUMERICAL CONTROL MACHINE SETUP OPERATORS
7329,MISCELLANEOUS METALWORKING AND PLASTIC WORKING MACHINE SETUP OPERATORS
7332,WELDING MACHINE SETUP OPERATORS
7333,SOLDERING AND BRAZING MACHINE SETUP OPERATORS
7339,MISCELLANEOUS FABRICATING MACHINE SETUP OPERATORS
7342,MOLDING AND CASTING MACHINE SETUP OPERATORS
7343,PLATING AND COATING MACHINE SETUP OPERATORS
7344,HEATING EQUIPMENT SETUP OPERATORS
7349,MISCELLANEOUS METAL AND PLASTIC PROCESSING MACHINE SETUP OPERATORS
7431,LATHE AND TURNING MACHINE SETUP OPERATORS
7432,ROUTER AND PLANER MACHINE SETUP OPERATORS
7433,SAWING MACHINE SETUP OPERATORS
7434,SANDING MACHINE SETUP OPERATORS
7435,SHAPING AND JOINING MACHINE STUP OPERATORS
7439,MISCELLANEOUS WOODWORKING MACHINE SETUP OPERATORS
7443,PRINTING PRESS SETUP OPERATORS
7444,PHOTOENGRAVING AND LITHOGRAPHING MACHINE SETUP OPERATORS
7449,MISCELLANEOUS PRINTING MACHINE SETUP OPERATORS
7451,WINDING AND TWISTING MACHINE SETUP OPERATORS
7452,KNITTING AND WEAVING MACHINE SETUP OPERATORS
7459,"TEXTILE MACHINE SETUP OPERATORS, NEC"
7462,PACKAGING AND FILING MACHINE SETUP OPERATORS
7463,EXTRUDING AND FORMING MACHINE SETUP OPERATORS
7467,COMPRESSING AND COMPACTING MACHINE SETUP OPERATORS
7472,ROASTING AND BAKING MACHINE SETUP OPERATORS
7474,FOLDING MACHINE SETUP OPERATORS
7476,"STILL, CLARIFYING, AND PRECIPITATING MACHINE SETUP OPERATORS"
7477,"CRUSHING, GRINDING AND POLISHING MACHINE SETUP OPERATORS"
7478,SLICING AND CUTTING MACHINE SETUP OEPRATORS
7479,MISCELLANEOUS MACHINE SETUP OPERATORS
7512,LATHE AND TURNING MACHINE OPERATORS AND TENDERS
7513,MILLING AND PLANING MACHINE OPERATORS AND TENDERS
7514,PUNCHING AND SHEARING MACHINE OPERATORS AND TENDERS
7515,EXTRUDING AND DRAWING MACHINE OPERATORS AND TENDERS
7516,ROLLING MACHINE OPERATORS AND TENDERS
7517,PRESS AND BRAKE MACHINE OPERATORS AND TENDERS
7518,DRILLING AND BORING MACHINE OPERATORS AND TENDERS
7519,FORGING MACHINE OPERATORS AND TENDERS
7522,"GRINDING, ABRADING, BUFFING AND POLISHING MACHINE OPERATORS AND TENDERS"
7529,MISCELLANEOUS METALWORKING AND PLASTIC WORKING MACHINE OPERATORS AND TENDERS
7532,WELDING MACHINE OPERATORS AND TENDERS
7533,SOLDERING AND BRAZING MACHINE OPERATORS AND TENDERS
7539,MISCELLANEOUS FABRICATING MACHINE OPERATORS AND TENDERS
7542,MOLDING AND CASTING MACHINE OPERATORS AND TENDERS
7543,PLATING AND COATING MACHINE OPERATORS AND TENDERS
7544,HEATING EQUIPMENT OPERATORS AND TENDERS
7549,MISCELLANEOUS METAL AND PLASTIC PROCESSING MACHINE OPERATORS AND TENDERS
7631,LATHE AND TURNING MACHINE OPERATORS AND TENDERS
7632,ROUTER AND PLANER MACHINE OPERATORS AND TENDERS
7633,SAWING MACHINE OPERATORS AND TENDERS
7634,SANDING MACHINE OPERATORS AND TENDERS
7635,SHAPING AND JOINING MACHINE OPERATORS AND TENDERS
7636,NAILING AND TRACKING MACHINE OPERATORS AND TENDERS
7639,MISCELLANEOUS WOODWORKING MACHINE OPERATORS AND TENDERS
7642,TYPESETTING AND COMPOSING MACHINE OPERATORS AND TENDERS
7643,PRINTING MACHINE OPERATORS AND TENDERS
7644,PHOTOENGRAVING AND LITHOGRAPHING MACHINE OPERATORS AND TENDERS
7649,"PRINTING MACHINE OPERATORS AND TENDERS, NEC"
7651,WINDING AND TWISTING MACHINE OPERATORS AND TENDERS
7652,KNITTING AND WEAVING MACHINE OPERATORS AND TENDERS
7654,TEXTILE CUTTING MACHINE OPERATOR AND TENDERS
7655,TEXTILE SEWING MACHINE OPERATORS AND TENDERS
7656,SHOE MACHINE OPERATORS AND TENDERS
7657,PRESSING MACHINE OPERATORS
7658,LAUNDERING AND DRY CLEANING MACHINE OPERATORS AND TENDERS
7659,MISCELLANEOUS TEXTILE MACHINE OPERATORS AND TENDERS
7661,CEMENTING AND GLUING MACHINE OPERATORS AND TENDERS
7662,PACKAGING AND FILLING MACHINE OPERATORS AND TENDERS
7663,EXTRUDING AND FORMING MACHINE OPERATORS AND TENDERS
7664,MIXING AND BLENDING MACHINE OPERATORS AND TENDERS
7665,COOLING AND FREEZING EQUIPMENT OPERATORS AND TENDERS
7666,SEPARATING AND FILTERING MACHINE OPERATORS AND TENDERS
7667,COMPRESSING AND COMPACTING MACHINE OPERATORS AND TENDERS
7668,BOILER OPERATORS AND TENDERS (LOW PRESSURE)
7669,"COATING, PAINTING, AND SPRAYING MACHINE OPERATORS AND TENDERS"
7671,PHOTOGRAPHIC PROCESSING MACHINE OPERATORS
7672,ROASTING AND BAKING MACHINE OPERATORS AND TENDERS
7673,"WASHING, CLEANING AND PICKLING EQUIPMENT OPERATORS AND TENDERS"
7674,FOLDING MACHINE OPERATORS AND TENDERS
7675,"FURNACE, KILN, AND OVEN OPERATORS AND TENDERS"
7676,"STILL, CLARIFIER AND PRECIPITATOR OPERATORS AND TENDERS"
7677,CRUSHING AND GRINDING MACHINE OPERATORS AND TENDERS
7678,SLICING AND CUTTING MACHINE OPERATORS AND TENDERS
7679,"MISCELLANEOUS MACHINE OPERATORS AND TENDERS, NEC"
7714,WELDERS AND CUTTERS
7717,SOLDERERS AND BRAZERS
772,ASSEMBLERS
774,"FABRICATORS, NEC"
7752,HAND SEWING OCCUPATIONS
7753,HAND CUTTING AND TRIMMING OCCUPATIONS
7754,HAND MOLDING AND CASTING OCCUPATIONS
7755,HAND FORMING AND SHAPING OCCUPATIONS
7756,"HAND PAINTING, COATING AND DECORATING OCCUPATIONS"
7757,HAND ENGRAVING AND PRINTING OCCUPATIONS
7758,HAND GRINDING AND POLISHING OCCUPATIONS
7759,MISCELLANEOUS HAND WORKING OCCUPATIONS
782,"PRODUCTION INSPECTORS, CHECKERS AND EXAMINERS"
783,PRODUCTION TESTERS
784,PRODUCTION SAMPLERS AND WEIGHERS
785,"GRADERS AND SORTERS, EXCEPT AGRICULTURAL"
787,PRODUCTION EXPEDITERS
8111,SUPERVISORS; MOTOR VEHICLE OPERATORS
8113,RAILROAD CONDUCTORS AND YARDMASTERS
812,SUPERVISORS; MATERIAL MOVING EQUIPMENT OPERATORS
8212,"TRUCK DRIVERS, TRACTOR-TRAILER"
8213,"TRUCK DRIVERS, HEAVY"
8214,"TRUCK DRIVERS, LIGHT (INCLUDING DELIVERY AND ROUTE DRIVERS)"
8215,BUS DRIVERS
8216,TAXICAB DRIVERS AND CHAUFFEURS
8218,DRIVER-SALES WORKERS
8219,"OTHER MOTOR TRANSPORTATION OCCUPATIONS, NEC"
8232,LOCOMOTIVE OPERATING OCCUPATIONS
8233,"RAILROAD BRAKE, SIGNAL, AND SWITCH OPERATORS"
8239,"RAIL VEHICLE OPERATORS, NEC"
8241,"SHIP CAPTAINS AND MATES, EXCEPT FISHING BOATS"
8242,BOAT AND BARGE OPERATORS
8243,SAILORS AND DECKHANDS
8244,MARINE ENGINEERS
8245,"BRIDGE, LOCK, AND LIGHTHOUSE TENDERS"
825,AIRPLANE PILOTS AND NAVIGATORS
828,TRANSPORTATION INSPECTORS
8312,OPERATING ENGINEERS
8313,LONGSHORE EQUIPMENT OPERATORS
8314,HOIST AND WINCH OPERATORS
8315,CRANE AND TOWER OPERATORS
8316,EXCAVATING AND LOADING MACHINE OPERATORS
8317,"GRADER, DOZER, AND SCRAPER OPERATORS"
8318,INDUSTRIAL TRUCK AND TRACTOR EQUIPMENT OPERATORS
8319,MISCELLANEOUS MATERIAL MOVING EQUIPMENT OPERATORS
85,"SUPERVISORS; HANDLERS, EQUIPMENT CLEANERS, HELPERS, AND LABORERS"
8611,HELPERS; METALWORKING AND PLASTIC WORKING MACHINE OPERATORS
8614,HELPERS; METAL AND PLASTIC PROCESSING MACHINE OPERATORS
8615,HELPERS; WOODWORKING MACHINE OPERATORS AND TENDERS
8616,HELPERS; PRINTING MACHINE OPERATORS AND TENDERS
8617,"HELPERS; TEXTILE, APPAREL AND FURNISHINGS MACHINE OPERATORS"
8618,HELPERS; MACHINE OPERATORS AND TENDERS ASSORTED MATERIALS
8619,HELPERS; PRECISION PRODUCTION OCCUPATIONS AND SETUP OPERATORS
862,HELPERS; FABRICATORS AND INSPECTORS
8632,HELPERS; VEHICLE AND MOBILE EQUIPMENT MECHANICS AND REPAIRERS
8633,HELPERS; INDUSTRIAL MACHINERY REPAIRERS
8635,HELPERS; ELECTRICAL AND ELECTRONIC EQUIPMENT REPAIRERS
8637,HELPERS; MISCELLANEOUS MECHANICS AND REPAIRERS
8641,"HELPERS; BRICKMASONS, STONEMASONS, AND HARD TILE SETTER"
8642,HELPERS; CARPENTERS AND RELATED WORKERS
8643,HELPERS; ELECTRICIANS AND POWER TRANSMISSION INSTALLERS
8644,"HELPERS; PAINTERS, PAPERHANGERS, AND PLASTERERS"
8645,"HELPERS; PLUMBERS, PIPEFITTERS AND STEAMFITTERS"
8646,HELPERS; SURVEYOR'S
8648,HELPERS; OTHER CONSTRUCTION TRADES
865,HELPERS;EXTRACTIVE OCCUPATIONS
871,CONSTRUCTION LABORERS
8722,GARBAGE COLLECTORS
8723,STEVEDORES
8724,STOCK HANDLERS AND BAGGERS
8725,MACHINE FEEDERS AND OFFBEARERS
8726,"FREIGHT, STOCK, AND MATERIAL MOVERS, HAND, NEC"
873,GARAGE AND SERVICE STATION RELATED OCCUPATIONS
874,PARKING LOT ATTENDANTS
875,VEHICLE WASHERS AND EQUIPMENT CLEANERS
8761,HAND PACKERS AND PACKAGERS
8769,"MANUAL OCCUPATIONS, NEC"
91,MILITARY OCCUPATIONS